{
  "config": {
    "k": 5,
    "num_queries": 15
  },
  "aggregates": {
    "recall@5": 0.9333333333333333,
    "precision@5": 0.18666666666666668,
    "hit_rate@5": 0.9333333333333333,
    "mrr": 0.8555555555555556,
    "ndcg@5": 0.8753953169047638
  }
}
